ID_Unit,Tahap_Makro_Sampling,Unit_Konteks,Recording_Unit,Teks_Dokumen,Tahap_Mikro_Sampling,Justifikasi
M-01,Eksklusi,Abstrak,Keseluruhan Bagian Abstrak,Saat ini telah muncul pinjaman online... belum memadai dalam memberikan perlindungan data pribadi.[cite: 4],Eksklusi,Sesuai kriteria makro: Abstrak dieksklusi karena hanya ringkasan eksekutif penelitian[cite: 4].
M-02,Eksklusi,Metode Penelitian,Keseluruhan Bagian Metode Penelitian,Jenis penelitian ini merupakan penelitian hukum yuridis-normatif... serta peraturan terkait lainnya.[cite: 4],Eksklusi,Sesuai kriteria makro: Metode Penelitian dieksklusi karena membahas desain riset penulis[cite: 4].
M-03,Eksklusi,Penutup,Keseluruhan Bagian Penutup,Pada prinsipnya Negara telah memberikan perlindungan... memilih penyedia dana.[cite: 4],Eksklusi,Sesuai kriteria makro: Penutup/Kesimpulan dieksklusi[cite: 4].
M-04,Inklusi,Pendahuluan,Keseluruhan Bagian Pendahuluan,Perkembangan teknologi informasi... melakukan penagihan.[cite: 4],Inklusi,Sesuai kriteria makro: Pendahuluan diinklusi untuk dipecah menjadi unit kalimat[cite: 4].
M-05,Inklusi,Pembahasan,Keseluruhan Bagian Pembahasan,Pembangunan hukum merupakan upaya... dimusnahkan.[cite: 4],Inklusi,Sesuai kriteria makro: Pembahasan diinklusi untuk dipecah menjadi unit kalimat[cite: 4].
U-01,Inklusi,Pendahuluan,Kalimat,Masyarakat Postindustria telah hadir karena pergeseran teknologi yang menjadi andalan kehidupan manusia.[cite: 4],Eksklusi,Pernyataan sosiologis historis yang tidak relevan dengan arsitektur sistem[cite: 4].
U-02,Inklusi,Pendahuluan,Kalimat,"Dengan hadirnya fintech, seseorang sekarang yang ingin mengajukan pinjaman cukup mendownload aplikasi atau mengakses website penyedia layanan pinjaman, mengisi data dan mengupload dokumen yang dibutuhkan...[cite: 4]",Inklusi,Mendefinisikan alur input antarmuka: penyediaan form data dan mekanisme unggah dokumen[cite: 4].
U-03,Inklusi,Pendahuluan,Kalimat,"Namun, ekses negatif bermunculan seperti tersebarnya data pribadi peminjam karena proses verifikasi pinjaman online dilakukan secara online dan akan meminta persetujuan dari penerima pinjaman untuk mengakses semua data hal ini sangat berisiko tinggi data pribadi penerima pinjaman untuk disalahgunakan.[cite: 4]",Inklusi,Kebutuhan Non-Fungsional (NFR) keamanan: Larangan *over-permission* dan perlunya spesifikasi pembatasan akses data saat verifikasi[cite: 4].
U-04,Inklusi,Pendahuluan,Kalimat,"Permintaan data pribadi konsumen sebenarnya dbutuhkan oleh perusahaan untuk melakukan assesement kepada calon peminjam dan untuk memastikan bahwa peminjam uang bernar-benar orang yang namanya tercantum dalam aplikasi nanum dalam beberapa kasus, akses kontak digunakan untuk melakukan penagihan.[cite: 4]",Inklusi,Batasan *web scraping*: Pelarangan skrip penambangan untuk mengakses dan mengekstrak daftar kontak (*phonebook*) lokal pengguna[cite: 4].
U-05,Inklusi,Pembahasan,Kalimat,"Penyelenggara Layanan Pinjam Meminjam Uang Berbasis Teknologi Informasi yang selanjutnya disebut Penyelenggara menurut Pasal 1 Angka 6 POJK Nomor 77/POJK.01/2016 adalah badan hukum Indonesia yang menyediakan, mengelola, dan mengoperasikan Layanan Pinjam Meminjam Uang Berbasis Teknologi.[cite: 4]",Inklusi,Mendefinisikan *Data Controller* sebagai entitas utama pengelola *database* dalam rancangan sistem[cite: 4].
U-06,Inklusi,Pembahasan,Kalimat,Penerima pinjaman menurut Pasal 1 Angka 7 POJK Nomor 77/POJK.01/2016 adalah orang dan/atau badan hukum yang mempunyai utang karena perjanjian layanan pinjam meminjam uang berbasis Teknologi Informasi.[cite: 4],Eksklusi,"Definisi subjek utang piutang perdata, bukan atribut *software*[cite: 4]."
U-07,Inklusi,Pembahasan,Kalimat,Perjanjian antara penyelenggara dan penerima pinjaman berupa perjanjian pengguna layanan pinjam peminjam uang berbasis Teknologi Informasi tersebut baru lahir ketika penerima pinjaman telah melakukan penerimaan terkait dengan segala ketentuan penggunaan yang ditetapkan oleh penyelenggara dan kemudian mengajukan permohonan peminjaman...[cite: 4],Inklusi,"Spesifikasi *state-machine*: Transaksi di basis data baru dapat dieksekusi setelah log \""I Agree\"" (persetujuan ketentuan) terekam valid[cite: 4]."
U-08,Inklusi,Pembahasan,Kalimat,Dalam pinjaman online yang disebut sebagai konsumen adalah penerima pinjaman sedangkan pemberi pinjaman diasumsikan sebagai pelaku usaha...[cite: 4],Eksklusi,"Penjabaran teori perlindungan konsumen, tidak berdampak pada algoritma kode[cite: 4]."
U-09,Inklusi,Pembahasan,Kalimat,"Hak atas kenyamanan, keamanan, dan keselamatan dalam mengonsumsi barang dan/atau jasa;[cite: 4]",Inklusi,Prinsip dasar untuk merumuskan NFR Keamanan dan Keandalan (*Reliability*) aplikasi[cite: 4].
U-10,Inklusi,Pembahasan,Kalimat,"Hak atas informasi yang benar, jelas, dan jujur mengenai kondisi dan jaminan barang dan/atau jasa;[cite: 4]",Inklusi,Spesifikasi desain *User Interface* (UI): Wajib menampilkan *Privacy Notice* yang transparan sebelum penarikan data[cite: 4].
U-11,Inklusi,Pembahasan,Kalimat,"membaca atau mengikuti petunjuk informasi dan prosedur pemakaian atau pemanfaatan barang dan/atau jasa, demi keamanan dan keselamatan;[cite: 4]",Inklusi,Kebutuhan fungsional: Sistem wajib menampilkan petunjuk penggunaan secara *pop-up* atau *splash screen* sebelum interaksi[cite: 4].
U-12,Inklusi,Pembahasan,Kalimat,"Selain itu, OJK dapat meminta lembaga jasa keuangan untuk menghentikan kegiatannya apabila berpotensi merugikan konsumen atau masyarakat.[cite: 4]",Inklusi,Skenario darurat arsitektur: Kebutuhan integrasi *Kill Switch* jarak jauh jika terdeteksi anomali pelanggaran data[cite: 4].
U-13,Inklusi,Pembahasan,Kalimat,"Dalam kasus RupiahPLus, pihak RupiahPlus menagih pembayaran kredit dengan menyalahgunakan daftar nomor kontak di ponsel si nasabah.[cite: 4]",Inklusi,Penegasan pembatasan modul ekstraksi: Aplikasi tidak boleh memiliki fungsi injeksi/tarik data direktori kontak telepon internal[cite: 4].
U-14,Inklusi,Pembahasan,Kalimat,Konsep perlindungan data mengisyaratkan bahwa individu memiliki hak untuk menentukan apakah mereka akan membagi atau bertukar data pribadi mereka atau tidak.[cite: 4],Inklusi,Spesifikasi arsitektur *Consent Management Platform* (*Opt-in* & *Opt-out* boolean flag pada *database*)[cite: 4].
U-15,Inklusi,Pembahasan,Kalimat,"Dalam Pasal 26 huruf a disebutkan bahwa menjaga kerahasiaan, keutuhan, dan ketersediaan data pribadi, data transaksi, dan data keuangan yang dikelolanya sejak data diperoleh hingga data tersebut dimusnahkan.[cite: 4]",Inklusi,"Kewajiban implementasi *CIA Triad* (Confidentiality, Integrity, Availability) secara ketat dalam *pipeline* data[cite: 4]."
U-16,Inklusi,Pembahasan,Kalimat,"Pasal 30 ayat (1) menyebutkan bahwa Penyelenggara wajib menjaga kerahasiaan, keutuhan, dan ketersediaan data pribadi, data transaksi, dan data keuangan yang dikelolanya sejak data diperoleh hingga data tersebut dimusnahkan.[cite: 4]",Inklusi,Desain siklus hidup data (*Data Life Cycle*): Kewajiban merancang skrip pemusnahan (*auto-delete*) saat data kedaluwarsa[cite: 4].
