BAB;Bagian;Paragraf;Pasal;Isi;Makro Sampling;Justifikasi Makro S.;Mikro Sampling;Justifikasi Mikro S.
ABSTRAK;;Paragraf 1;Kalimat 1;Saat ini telah muncul pinjaman online yang memberikan kemudahan bagi masyarakat untuk mendapatkan akses kredit.;Eksklusi;;;
ABSTRAK;;Paragraf 1;Kalimat 2;Pinjaman online di satu sisi memberikan kemudahan bagi masyarakat namun di sisi lain dapt merugikan masyarakat dengan tersebarnya data pribadi.;Eksklusi;;;
ABSTRAK;;Paragraf 1;Kalimat 3;Oleh karenanya perlindungan konsumen dan perlindungan data pribadi konsumen sangat diperlukan.;Eksklusi;;;
ABSTRAK;;Paragraf 1;Kalimat 4;Terkait dengan hal itu, maka penting untuk dikaji mengenai perlindungan hukum terhadap data pribadi peminjam dalam layanan aplikasi pinjaman online, dan sanki terhadap pelanggaran data pribadi.;Eksklusi;;;
ABSTRAK;;Paragraf 1;Kalimat 5;Tujuan dari penulisan ini adalah untuk mengkaji perlindungan hukum terhadap data pribadi peminjam dalam layanan aplikasi pinjaman online.;Eksklusi;;;
ABSTRAK;;Paragraf 1;Kalimat 6;Metode yang digunakan dalam penulisan ini adalah metode hukum normatif dengan pendekatan peraturan perundang-undangan dan pendekatan fakta.;Eksklusi;;;
ABSTRAK;;Paragraf 1;Kalimat 7;Kesimpulan dari penulisan ini adalah negara telah memberikan perlindungan konsumen sebagaimana diatur di dalam Undang-Undang Nomor 8 tahun 1999 tentang Perlindungan Konsumen dan Peraturan Otoritas Jasa Keuangan Nomor 1/POJK.07/2013 Tentang Perlindungan Konsumen Sektor Jasa Keuangan, Peraturan Menteri No. 20 tahun 2016 tentang Perlindungan data pribadi dalam transaksi elektronik dianggap belum memadai dalam memberikan perlindungan data pribadi;Eksklusi;;;
A. Pendahuluan;;Paragraf 1;Kalimat 1;"Perkembangan teknologi informasi dan komunikasi (TIK) tak pelak telah membawa perubahan drastis dan mendasar dalam banyak lapangan kehidupan.
";-;;;
A. Pendahuluan;;Paragraf 1;Kalimat 2;Bahkan kehadirannya telah membawa perubahan periodisasi sejarah peradaban umat manusia.;-;;;
A. Pendahuluan;;Paragraf 1;Kalimat 3;Masyarakat Postindustria telah hadir karena pergeseran teknologi yang menjadi andalan kehidupan manusia.;-;;;
A. Pendahuluan;;Paragraf 1;Kalimat 4;Perubahan dari mekanisasi kepada digitalisasi secara masif.;-;;;
A. Pendahuluan;;Paragraf 2;Kalimat 5;Inilah yang disebut dengan ephocal shift dalam peradaban manusia.;-;;;
A. Pendahuluan;;Paragraf 2;Kalimat 1;Teknologi informasi telah mengubah perilaku dan pola hidup masyarakat secara global.;-;;;
A. Pendahuluan;;Paragraf 2;Kalimat 2;Perkembangan teknologi informasi telah pula menyebabkan dunia menjadi tanpa batas (borderless) dan menyebabkan perubahan sosial, budaya, ekonomi dan pola penegakan hukum yang secara signifikan berlangsung demikian cepat.;-;;;
A. Pendahuluan;;Paragraf 2;Kalimat 3;Perkembangan teknologi, mulai dari gelombang pertama hingga gelombang yang paling mutakhir, selalu diikuti dengan instrumen hukum yang mendukung.;-;;;
A. Pendahuluan;;Paragraf 2;Kalimat 4;Apalagi, teknologi informasi saat ini telah menjadi pedang bermata dua, karena selain memberikan kontribusi bagi peningkatan kesejahteraan, kemajuan dan peradaban manusia, sekaligus menjadi sarana efektif perbuatan melawan hukum.;-;;;
A. Pendahuluan;;Paragraf 3;Kalimat 1;Saat ini dunia telah memasuki revolusi industri 4.0 yang telah mengubah segala aspek kehidupan manusia.;-;;;
A. Pendahuluan;;Paragraf 3;Kalimat 2;Revolusi Industri 4.0 ditandai dengan meningkatnya pemakaian teknologi informasi di segala bidang dan membawa perubahan dalam semua lini kehidupan.;-;;;
A. Pendahuluan;;Paragraf 3;Kalimat 3;Revolusi ini ditandai dengan automasi (automation) penggunaan komputer dan peralatan elektrik yang pada ujungnya menggulirkan era baru revolusi industri 3.0.;-;;;
A. Pendahuluan;;Paragraf 3;Kalimat 4;Roda revolusi tersebut ternyata terus bergulir sejalan dengan perkembangan sains dan teknologi hingga kemudian muncul cyber physical system.;-;;;
A. Pendahuluan;;Paragraf 3;Kalimat 5;Sistem ini menghendaki adanya interaksi antar manusia yang terintegrasi dengan komputer dan kemampuan fisiknya (digitalization).;-;;;
A. Pendahuluan;;Paragraf 3;Kalimat 6;Digitalisasi itulah yang menjadi awal mula bergulirnya era revolusi industri 4.0.;-;;;
A. Pendahuluan;;Paragraf 4;Kalimat 1;Seiring dengan perkembangan masa di era globalisasi ini, apapun aktivitas masyarakat tidak akan terlepas dari bantuan teknologi.;-;;;
A. Pendahuluan;;Paragraf 4;Kalimat 2;Begitu pula pada lembaga keuangan yang kini mulai bergeser pada lembaga keuangan berbasis teknologi.;-;;;
A. Pendahuluan;;Paragraf 4;Kalimat 3;Salah satu kemajuan dalam bidang keuangan saat ini adanya adaptasi Financial Technology atau jamak disebut dengan fintech.;-;;;
A. Pendahuluan;;Paragraf 4;Kalimat 4;Fintech diyakini mampu menjadi sebuah solusi untuk mempermudah, mempercepat waktu, memberikan kenyamanan, dll bagi para pengguna layanan fintech di Indonesia.;-;;;
A. Pendahuluan;;Paragraf 4;Kalimat 5;Fintech merupakan implementasi dan pemanfaatan teknologi untuk peningkatan layanan jasa perbankan dan keuangan yang umumnya dilakukan oleh perusahaan rintisan (startup) dengan memanfaatkan teknologi, software, internet, komunikasi, dan komputasi terkini.;-;;;
A. Pendahuluan;;Paragraf 4;Kalimat 6;Konsep ini yang mengadaptasi perkembangan teknologi yang dipadukan dengan bidang finansial sehingga bisa menghadirkan proses transaksi keuangan yang lebih praktis, aman serta modern.;-;;;
A. Pendahuluan;;Paragraf 4;Kalimat 7;Bentuk dasar fintech antara lain pembayaran (digital wallets, P2P payments), investasi (equity crowdfunding, peer to peer lending), pembiayaan (crowdfunding, microloans, credit facilities), asuransi (risk management), lintas – proses (big data analysis, predictive modeling), infrastruktur (security).;-;;;
A. Pendahuluan;;Paragraf 5;Kalimat 1;Fintech pada prinsipnya merupakan penggunaan teknologi dalam sistem keuangan yang menghasilkan produk, layanan, teknologi, dan/atau model bisnis baru serta dapat berdampak pada stabilitas moneter, stabilitas sistem keuangan, dan/atau efisiensi, kelancaran, keamanan, dan keandalan sistem pembayaran.;-;;;
A. Pendahuluan;;Paragraf 6;Kalimat 1;Kehadiran teknologi telah mendukung terciptanya layanan hasa keuangan yang lebih efisien dan sesuai dengan kebutuhan masyarakat dengan berbasis teknologi informasi (peer to peer).;-;;;
A. Pendahuluan;;Paragraf 6;Kalimat 2;Melalui peer to peer lending ini, masyarakat yang memerlukan dana dalam jumlah mikro dapat secara mudah dan cepat mendapatkan pinjaman tanpa perlu mengajukan kredit ke bank dengan membawa persaratan tertentu.;-;;;
A. Pendahuluan;;Paragraf 6;Kalimat 3;Layanan pinjaman peer to peer lending dapat diakses oleh masyarakat melalui aplikasi secara cepat kapan dan dimana saja.;-;;;
A. Pendahuluan;;Paragraf 6;Kalimat 4;Hal ini tentu berbeda dengan fasilitas kredit pada layanan perbankan dimana calon nasabah harus mengajukan kredit ke bank tertenu, kemudian dilakukakn perjanjian kredit antara bank dengan nasabah dengan membawa agunan.;-;;;
A. Pendahuluan;;Paragraf 7;Kalimat 1;Dengan hadirnya inovasi di bidang keuangan akan memiliki dua sisi, di satu sisi akan memberikan manfaat atau sisi yang berpotensi mendisrupsi layanan jasa keuangan tradisional.;-;;;
A. Pendahuluan;;Paragraf 7;Kalimat 2;Efek disrupsi yang akan terjadi dapat menimbulkan ketidakstabilan sektor keuangan dan persaingan yang tidak sehat.;-;;;
A. Pendahuluan;;Paragraf 7;Kalimat 3;Selain itu hadirnya inovasi telah membawa kemudahan bagi masyarakat untuk mendapatkan pinjaman uang dengan cepat tanpa agunan.;-;;;
A. Pendahuluan;;Paragraf 8;Kalimat 1;Saat ini pertumbuhan pinjaman online atau apa yang jamak disebut pinjol ini sangat cepat.;-;;;
A. Pendahuluan;;Paragraf 8;Kalimat 2;Diluar dugaan banyak orang, dalam wakti singkat, tidak sampai dua tahun ribuan perusahaan Fintech bermunculan yang menawarkan pinjaman online.;-;;;
A. Pendahuluan;;Paragraf 8;Kalimat 3;Data dari Otoritas Jasa Keuangan menunjukkan jumlah fintech yang terdaftar saat ini 127 sedangkan jumlah fintech illegal seitar 1230.;-;;;
A. Pendahuluan;;Paragraf 9;Kalimat 1;Pinjaman online menawarkan banyak fitur yang meenguntungkan konsumen dibandingkan perbankan.;-;;;
A. Pendahuluan;;Paragraf 9;Kalimat 2;Akibatnya, dalam dua tahun terakhir, fintech pinjaman online tumbuh sangat cepat.;-;;;
A. Pendahuluan;;Paragraf 9;Kalimat 3;Dengan adanya fintech, seseorang sekarang yang ingin mengajukan pinjaman cukup mendownload aplikasi atau mengakses website penyedia layanan pinjaman, mengisi data dan mengupload dokumen yang dibutuhkan dan dalam waktu yang relatif cepat pinjaman langsung cair ke rekening peminjam.;-;;;
A. Pendahuluan;;Paragraf 9;Kalimat 4;Namun, akses negatif bermunculan seperti tersebarnya data pribadi peminjam karena proses verifikasi pinjaman online dilakukan secara online dan akan meminta persetujuan dari penerima pinjaman untuk mengakses semua data hal ini sangat berisiko tinggi data pribadi penerima pinjaman untuk disalahgunakan.;-;;;
A. Pendahuluan;;Paragraf 9;Kalimat 5;Permintaan data pribadi konsumen sebenarnya dibutuhkan oleh perusahaan untuk melakukan assesment kepada calon peminjam dan untuk memastikan bahwa peminjam uang benar-benar orang yang namanya tercantum dalam aplikasi namun dalam beberapa kasus, akses kontak digunakan untuk melakukan penagihan.;-;;;
A. Pendahuluan;;Paragraf 10;Kalimat 1;Melihat banyaknya kasus pinjaman online, bagaimanakah perlindungan konsumen terhadap pinjaman online?;-;;;
A. Pendahuluan;;Paragraf 10;Kalimat 2;Bagaimanakah dengan perlindungan data pribadi? Tulisan ini akan menguraikan tentang perlindungan konsumen dalam pinjaman online, hubungan hukum para pihak dan perlunya perlindungan data pribadi konsumen. Selain itu juga diuraikan tentang perlunya pengaturan peer to peer lending sebagai upaya mewujudkan pembangunan hukum di bidang ekonomi dan juga tinjauan secara umum tentang pinjaman online.;-;;;
B. Metode Penelitian;;Paragraf 1;Kalimat 1;Jenis penelitian ini merupakan penelitian hukum yuridis-normatif. Menurut Ronny Hanitijo Soemitro pendekatan yuridis empiris adalah pendekatan kepustakaan yang berpedoman pada peraturan-peraturan hukum serta bahan-bhan yang mempunyai hubungan permasalahan dan pembahasan dalam penulisan artikel.;-;;;
B. Metode Penelitian;;Paragraf 1;Kalimat 2;Dalam penulisan ini telah digunakan metode data sekunder dengan bahan-bahan yang mencakup dokumen hukum, buku, artikel dan lain-lain.;-;;;
B. Metode Penelitian;;Paragraf 1;Kalimat 3;Pendekatan yang digunakan adalah pendekatan perundang-undangan yang dilakukan terhadap berbagai aturan hukum yang berkaitan dengan perlindaungan konsumen seperti Undang-Undang No. 8 Tahun 1999 tentang Perlindungan Konsumen, Peraturan Otoritas Jasa Keuangan yang terkait dengan perlindungan konsumen dan pinjaman online serta peraturan terkait lainnya.;-;;;
C. Pembahasan;1. Aturan Tentang Pinjaman Online;Paragraf 1;Kalimat 1;Pembangunan hukum merupakan upaya membentuk hukum baru guna memperbarui hukum positif.;-;;;
C. Pembahasan;1. Aturan Tentang Pinjaman Online;Paragraf 1;Kalimat 2;Pembangunan hukum berarti membangun suatu tata hukum, beserta perangkat yang berkaitan dengan tegaknya kehidupan tata hukum tersebut.;-;;;
C. Pembahasan;1. Aturan Tentang Pinjaman Online;Paragraf 1;Kalimat 3;Dalam Rencana Pembangunan Jangka Panjang Nasional (RPJPN) 2005-2025, pembangunan hukum dilaksanakan untuk mencapai misi mewujudkan bangsa yang berdaya saing dan masyarakat demokratis berlandaskan hukum.;-;;;
C. Pembahasan;1. Aturan Tentang Pinjaman Online;Paragraf 1;Kalimat 4;Hal ini merupakan bagian dari 8 (delapan) misi pembangunan nasional dalam rangkan menggapai visi pembangunan nasional dalam kurun waktu 2005-2025, yaitu terwujudnya “Indonesia yang Mandiri, Maju, Adil, dan Makmur.”;-;;;
C. Pembahasan;1. Aturan Tentang Pinjaman Online;Paragraf 2;Kalimat 1;"Pasal 1 Ayat (3) Undang-Undang Dasar Negara Republik Indonesia Tahun 1945 menyatakan bahwa, ""Negara Indonesia adalah negara hukum"".";-;;;
C. Pembahasan;1. Aturan Tentang Pinjaman Online;Paragraf 2;Kalimat 2;Penegasan ini adalah bahwa Negara Indonesia berdasar atas hukum (Rechstaat) dan tidah berdasarkan kekuasaan belaka (Machsstaat).;-;;;
C. Pembahasan;1. Aturan Tentang Pinjaman Online;Paragraf 2;Kalimat 3;Dengan demikian dalam praktik kehidupan bermasyarakat, berbangsa dan bernegara harus memenuhi dan mewujudkan persyaratan serta prinsip-prinsip hukum yang terdapat dalam negara hukum.;-;;;
C. Pembahasan;1. Aturan Tentang Pinjaman Online;Paragraf 2;Kalimat 4;Jika dilihat lebih lanjut dari Pasal 1 Ayat (3) tersebut maka pelaksanaan pembangunan nasional harus didampingi oleh peraturan hukum yang mengaturnya.;-;;;
C. Pembahasan;1. Aturan Tentang Pinjaman Online;Paragraf 2;Kalimat 5;Peranan hukum dalam pembangunan adalah untuk menjamin bahwa pembangunan itu terjadi dengan cara yang teratur berdasarkan hukum.;-;;;
C. Pembahasan;1. Aturan Tentang Pinjaman Online;Paragraf 3;Kalimat 1;Fungsi intermediasi yang diselenggarakan oleh berbagai lembaga jasa keuangan, dalam perkembangannya telah memberikan kontribusi yang cukup signifikan dalam penyediaan dana untuk pembiayaan pembangunan ekonomi nasional.;-;;;
C. Pembahasan;1. Aturan Tentang Pinjaman Online;Paragraf 3;Kalimat 2;Oleh karena itu, negara senantiasa memberikan perhatian yang serius terhadap perkembangan kegiatan sektor jasa keuangan tersebut dengan mengupayakan terbentuknya kerangka peraturan dan pengawasan sektor jasa keuangan yang terintegrasi dan komprehensif.;-;;;
C. Pembahasan;1. Aturan Tentang Pinjaman Online;Paragraf 4;Kalimat 1;Dalam rangka mewujudkan pembangunan hukum di bidang ekonomi telah dibentuk sebuah peraturan yang pada akhirnya akan mengarah kepada kesejahteraan masyarakat.;-;;;
C. Pembahasan;1. Aturan Tentang Pinjaman Online;Paragraf 4;Kalimat 2;Hukum ekonomi merupakan keseluruhan kaidah hukum yang mengatur dan mempengaruhi segala sesuatu yang berkaitan dengan kehidupan perekonomian nasional baik itu kaidah hukum yang bersifat privat maupun yang bersifat publik, tertulis maupun tidak tertulis, yang mengatur kegiatan serta kehidupan perekonomian nasional negara.;-;;;
C. Pembahasan;1. Aturan Tentang Pinjaman Online;Paragraf 4;Kalimat 3;Semakin pesatnya pertumbuhan ekonomi menyumbang lahirnya hukum ekonomi yang berfungsi membatasi dan mengatur kegiatan-kegiatan ekonomi suatu negara bahkan lintas batas negara dengan tetap mempertimbangakan kepentingan dan juga hak-hak dari masyarakat.;-;;;
C. Pembahasan;1. Aturan Tentang Pinjaman Online;Paragraf 4;Kalimat 4;Perlindungan terhadap hak dan kepentingan warga negara merupakan kewajiban pemerintah demi mencapai suatu tujuan yakni negara kesejahteraan atau Welfare state.;-;;;
C. Pembahasan;1. Aturan Tentang Pinjaman Online;Paragraf 4;Kalimat 5;Bentuk perlindungan terhadap hak dan kepentingan masyarakat terwujud melalui hukum formal yang bertujuan untuk mencapai pembangunan ekonomi nasional melalui kebijakan-kebijakan pemerintah yang tertuang dalam hukum formal tersebut.;-;;;
C. Pembahasan;1. Aturan Tentang Pinjaman Online;Paragraf 5;Kalimat 1;Untuk mewujudkan pertumbuhan lembaga jasa keuangan berbasis teknologi informasi sehingga dapat lebih berkontribusi terhadap perekonomian nasional telah disusun sebuah peraturan yang mengatur peer to peer lending.;-;;;
C. Pembahasan;1. Aturan Tentang Pinjaman Online;Paragraf 5;Kalimat 2;Peraturan tersebut dimaksudkan sebagai pengaturan dan pengawasan untuk terus mendorong pengembangan ekosistem Teknologi Finansial agar semakin dapat dirasakan manfaatnya oleh masyarakat.;-;;;
C. Pembahasan;1. Aturan Tentang Pinjaman Online;Paragraf 5;Kalimat 3;Sehubungan dengan hal tersebut Otoritas Jasa Keuangan telah mengeluarkan Peraturan Otoritas Jasa Keuangan Nomor 77/POJK.01/2016 tentang Layanan Pinjam Meimnjam Uang berbasis Teknologi Informasi (POJK P2P Lending).;-;;;
C. Pembahasan;1. Aturan Tentang Pinjaman Online;Paragraf 6;Kalimat 1;POJK P2P Lending ini telah mengatur mengenai salah satu jenis Fintech yang berkembang di Indonesia saat ini yaitu peer to peer lending (P2P Lending).;-;;;
C. Pembahasan;1. Aturan Tentang Pinjaman Online;Paragraf 6;Kalimat 2;Hal tersebut dikarenakan OJK melihat urgensi hadirnya ketentutan yang mengatur fintech pinjam-maminjam, memperhatikan masih kuatnya budaya pinjam meminjam (utang) di masyarakat Indonesia.;-;;;
C. Pembahasan;1. Aturan Tentang Pinjaman Online;Paragraf 6;Kalimat 3;Selain itu, perusahaan fintech dengan skema peer to peer lending merupakan lingkup kewanangan OJK dikarenakan perusahaan tersebut memberikan pelayanan jasa keuangan.;-;;;
C. Pembahasan;1. Aturan Tentang Pinjaman Online;Paragraf 6;Kalimat 4;Namun perusahaan tersebut belum memiliki landasan hukum kelembagaan dalam menjalankan kegiatan usahanya.;-;;;
C. Pembahasan;2. Tinjauan Umum Fintech Peer to Peer Lending;Paragraf 1;Kalimat 1;Seiring dengan berkembangnya teknologi, jenis-jenis fintech pun semakin beragam, diantaranya seperti inovasi teknologi finansial terkait pembayaran dan transfer, lembaga jasa keuangan, dan perusahaan start up fintech yang menggunakan teknologi baru untuk memberikan layanan yang lebih cepat, murah, dan nyaman.;-;;;
C. Pembahasan;2. Tinjauan Umum Fintech Peer to Peer Lending;Paragraf 1;Kalimat 2;Perusahaan di sektor pembiayaan dan investasi pun berkompetisi dengan menggunakan inovasi teknologi dalam menjual produk dan jasa keuangannya.;-;;;
C. Pembahasan;2. Tinjauan Umum Fintech Peer to Peer Lending;Paragraf 1;Kalimat 3;Jenis-jenis fintech di sektor ini di antaranya seperti peer to peer lending (P2P Lending), Crowdfunding, Supply Chain Finance, dan lain-lain. Fintech jenis lainnya yang berkembang di dunia di antaranya : Robo advisor, Blockchain, Information and Feeder Site, dan lain-lain.;-;;;
C. Pembahasan;2. Tinjauan Umum Fintech Peer to Peer Lending;Paragraf 1;Kalimat 4;Seluruh fintech tersebut memberikan kemudahan bagi konsumen keuangan untuk membeli dan menggunakan produk dan jasa keuangan pada saat ini.;-;;;
C. Pembahasan;2. Tinjauan Umum Fintech Peer to Peer Lending;Paragraf 1;Kalimat 5;"Sedangkan fintech menurut Peraturan Bank Indonesia Nomor 19 Tahun 2017 fintech terdiri dari Sistem pembayaran, Pendukung pasar; Manajemen investasi dan manajemen resiko; pinjaman, pembiayaan, dan penyediaan modal; dan Jasa finansial lainnya.";-;;;
C. Pembahasan;2. Tinjauan Umum Fintech Peer to Peer Lending;Paragraf 2;Kalimat 1;Layanan Pinjam Meminjam Uang Berbasis Teknologi Informasi atau disebut peer to peer lending (P2P Lending) merupakan salah satu fintech yang banyak menarik perhatian masyarakat.;-;;;
C. Pembahasan;2. Tinjauan Umum Fintech Peer to Peer Lending;Paragraf 2;Kalimat 2;Hadirnya P2P lending meberikan fasilitas kemudahan kepada masyarakat yang membutuhkan kredit secara cepat.;-;;;
C. Pembahasan;2. Tinjauan Umum Fintech Peer to Peer Lending;Paragraf 2;Kalimat 3;P2P Lending ini mempertemukan pemilik dana (lender) atau yang biasa disebut kreditur dengan peminjam dana atau debitur (borrower) melalui aplikasi secara elektronik (tanpa bertatap muka).;-;;;
C. Pembahasan;2. Tinjauan Umum Fintech Peer to Peer Lending;Paragraf 3;Kalimat 1;Peer to peer lending merupakan gambaran pasar online di mana pemberi pinjaman yang juga disebut sebagai lender dapat meminjamkan kepada individu atau usaha kecil (borrower).;-;;;
C. Pembahasan;2. Tinjauan Umum Fintech Peer to Peer Lending;Paragraf 3;Kalimat 2;Perusahaan peer to peer lending juga menawarkan keunggulan yang kompetitif untuk menyatukan pemberi pinjaman.;-;;;
C. Pembahasan;2. Tinjauan Umum Fintech Peer to Peer Lending;Paragraf 3;Kalimat 3;Keuntungan ini termasuk margin bunga yang sangat rendah, kemampuan untuk menawarkan pinjaman kepada beberapa peminjam yang mungkin ditolak oleh bank (unbankable), dan penggunaan inovatif mereka yaitu teknologi untuk memberikan transparansi yang lebih besar, fleksibilitas, cepat dan layanan yang lebih nyaman bagi pemberi pinjaman atau peminjam.;-;;;
C. Pembahasan;2. Tinjauan Umum Fintech Peer to Peer Lending;Paragraf 4;Kalimat 1;Menurut Alistair Milne dan Paul Parboteeah, pemberi pinjaman pada platform peer to peer yang memiliki lebih dari lima tahun terakhir telah mencapai hasil yang jauh lebih baik daripada investasi uang mereka di deposito bank konvensional.;-;;;
C. Pembahasan;2. Tinjauan Umum Fintech Peer to Peer Lending;Paragraf 4;Kalimat 2;Sifat fokus kegiatan mereka memastikan bahwa biaya administrasi dan pengeluaran tambahan yang diperlukan untuk menyiapkan platform peer to peer relatif rendah.;-;;;
C. Pembahasan;2. Tinjauan Umum Fintech Peer to Peer Lending;Paragraf 4;Kalimat 3;Platform peer to peer juga dapat mencocokkan peminjam dan pemberi pinjaman tanpa marjin bunga.;-;;;
C. Pembahasan;2. Tinjauan Umum Fintech Peer to Peer Lending;Paragraf 5;Kalimat 1;Cara kerja peer to peer lending adalah sebagai berikut:;-;;;
C. Pembahasan;2. Tinjauan Umum Fintech Peer to Peer Lending;Paragraf 5;Kalimat 2;a) Proses bagi Peminjam. Setelah melakukan registrai, peminjam akan mengajukan proposal peminjaman. Penyelenggara peer to peer lending kemudian akan menganalisis nilai kredit, sejarah peminjaman, jumlah pendapatan peminjam, untuk menentukan besaran bunga pinjaman, dan skor peminjam.;-;;;
C. Pembahasan;2. Tinjauan Umum Fintech Peer to Peer Lending;Paragraf 5;Kalimat 3;b) Proses bagi pemberi pinjaman. Pemberi pinjaman akan memberikan informasi data diri pribadi kepada penyelenggara peer to peer lending seperti nama, nomor KTP, nomor rekening, nomor telepon genggam/handphone dan seterusnya. Setelah proses registrasi pemberi pinjaman dapat melihat profil penerima pinjaman dan memutuskan kepada siapa pinjaman akan diberikan.;-;;;
C. Pembahasan;2. Tinjauan Umum Fintech Peer to Peer Lending;Paragraf 5;Kalimat 4;c) Proses bagi penyelenggara peer to peer lending. Penyelenggara peer to peer lending sebagai badan usaha di Indonesia akan mengelola data diri pribadi dari pemberi pinjaman dan mengelola dana dari pemberi pinjaman merangkap data diri pemberi pinjaman. Penyelenggara juga melakukan analisis kredit kepada peminjam.;-;;;
C. Pembahasan;2. Tinjauan Umum Fintech Peer to Peer Lending;Paragraf 6;Kalimat 1;Cara yang dilakukan oleh P2P Lending telah menghilangkan fungsi intermediasi yang selama ini dilakukan oleh perbankan.;-;;;
C. Pembahasan;2. Tinjauan Umum Fintech Peer to Peer Lending;Paragraf 6;Kalimat 2;P2P Lending membuat platform online untuk menyediakan fasilitas disebut dengan istilah Penyelenggara (platform) bagi pemilik dana untuk memberikan pinjaman secara langsung kepada peminjam dengan return lebih tinggi, sedangkan peminjam dapat mengajukan kredit secara langsung kepada pemilik dana melalui penyelenggara secara online dengan syarat yang relatif lebih mudah dan proses lebih cepat.;-;;;
C. Pembahasan;2. Tinjauan Umum Fintech Peer to Peer Lending;Paragraf 6;Kalimat 3;Keuntungan lainnya adalah mudah dibandingkan dengan lembaga keuangan konvensional.;-;;;
C. Pembahasan;2. Tinjauan Umum Fintech Peer to Peer Lending;Paragraf 6;Kalimat 4;Jika dibandingkan dengan bank konvensional proses pengajuan kredit bisa memakan waktu 7-14 hari sementara layanan pinjaman online anatara 3-5 hari dana sudah cair.;-;;;
C. Pembahasan;2. Tinjauan Umum Fintech Peer to Peer Lending;Paragraf 7;Kalimat 1;Praktik P2P Lending membuat masyarakat menjadi banyak pilihan dalam menentukan bantuan mengenai hal finansial.;-;;;
C. Pembahasan;2. Tinjauan Umum Fintech Peer to Peer Lending;Paragraf 7;Kalimat 2;Bank yang biasanya menjadi pilihan dalam alternatif bantuan dana, kini mulai tergantikan dengan adanya P2P Lending.;-;;;
C. Pembahasan;2. Tinjauan Umum Fintech Peer to Peer Lending;Paragraf 8;Kalimat 1;Proses aplikasi pinjaman peer lending lazimnya mengikuti proses sebagai berikut :;-;;;
C. Pembahasan;2. Tinjauan Umum Fintech Peer to Peer Lending;Paragraf 8;Kalimat 2;1. Peminjam masuk ke website,;-;;;
C. Pembahasan;2. Tinjauan Umum Fintech Peer to Peer Lending;Paragraf 8;Kalimat 3;2. Melakukan registrasi dan mengisi form aplikasi.;-;;;
C. Pembahasan;2. Tinjauan Umum Fintech Peer to Peer Lending;Paragraf 8;Kalimat 4;3, Platform kemudian memverifikasi dan menganalisa kualifikasi pinjaman tersebut.;-;;;
C. Pembahasan;2. Tinjauan Umum Fintech Peer to Peer Lending;Paragraf 8;Kalimat 5;4. Pinjaman yang berhasil lolos diposting di website di mana pendana bisa memberikan komitmen dana untuk pinjaman itu.;-;;;
C. Pembahasan;2. Tinjauan Umum Fintech Peer to Peer Lending;Paragraf 9;Kalimat 1;Pinjaman online dapat diakses dengan cara mendownload di PlayStore bagi pengguna Android/IOS dan dapat diakses melalui website.;-;;;
C. Pembahasan;2. Tinjauan Umum Fintech Peer to Peer Lending;Paragraf 9;Kalimat 2;Pinjaman Online tersebut menawarkan syarat yang mudah dengan pencairan dana yang cepat.;-;;;
C. Pembahasan;2. Tinjauan Umum Fintech Peer to Peer Lending;Paragraf 9;Kalimat 3;Syarat yang diperlukan antara lain KTP, Kartu Keluarga, NPWP, SIM, Nomor Telepon dan memiliki Rekening Bank.;-;;;
C. Pembahasan;2. Tinjauan Umum Fintech Peer to Peer Lending;Paragraf 9;Kalimat 4;Kemudian berkas difoto lalu diupload.;-;;;
C. Pembahasan;2. Tinjauan Umum Fintech Peer to Peer Lending;Paragraf 9;Kalimat 5;Begitu juga dengan cara pembayarannya cukup mudah dengan cara transfer antar bank maupun melalui indomert/alfamart terdekat.;-;;;
C. Pembahasan;3. Hubungan Hukum Antara Para Pihak;Paragraf 1;Kalimat 1;Menurut KUH Perdata Pinjaman Online diklasifikasikan dalam perjanjian pinjam-meminjam sebagaimana diatur didalam Pasal 1754 Kitab Undang-Undang Hukum Perdata.;-;;;
C. Pembahasan;3. Hubungan Hukum Antara Para Pihak;Paragraf 1;Kalimat 2;Pengertian perjanjian pinjam-meminjam menurut Pasal 1754 Kitab Undang-Undang Hukum Perdata yang berbunyi:;-;;;
C. Pembahasan;3. Hubungan Hukum Antara Para Pihak;Paragraf 1;Kalimat 3;Pinjam meminjam ialah perjanjian dengan mana pihak yang satu memberikan kepada pihak yang lain suatu jumlah tertentu barang-barang yang menghabis karena pemakaian, dengan syarat bahwa pihak yang belakangan ini akan mengembalikan sejumlah yang sama dari macam dan keadaan yang sama pula.;-;;;
C. Pembahasan;3. Hubungan Hukum Antara Para Pihak;Paragraf 2;Kalimat 1;Dalam perjanjian pinjam-meminjam tersebut, pihak penerima pinjaman (debitur) akan mengganti objek yang dipinjamnya tersebut. Mengenai waktu pengembalian pinjaman tersebut dilakukan berdasarkan kesepakatan oleh kedua belah pihak.;-;;;
C. Pembahasan;3. Hubungan Hukum Antara Para Pihak;Paragraf 2;Kalimat 2;Selain itu dalam hal diperjanjikan mengenai bunga dan besarnya bunga, maka peminjam harus membayar bunga tersebut sesuai dengan yang diperjanjikan.;-;;;
C. Pembahasan;3. Hubungan Hukum Antara Para Pihak;Paragraf 3;Kalimat 1;Dalam P2P lending ada 3 (tiga) pihak yaitu Penyelenggara, Pemberi Pinajaman dan Penerima Pinjaman yang masing-masing pihak tersebut akan menimbulkan hubungan hukum.;-;;;
C. Pembahasan;3. Hubungan Hukum Antara Para Pihak;Paragraf 3;Kalimat 2;Penyelenggara Layanan Pinjam Meminjam Uang Berbasis Teknologi Informasi yang selanjutnya disebut Penyelenggara menurut Pasal 1 Angka 6 POJK Nomor 77/POJK.01/2016 adalah badan hukum Indonesia yang menyediakan, mengelola, dan mengoperasikan Layanan Pinjam Meminjam Uang Berbasis Teknologi.;-;;;
C. Pembahasan;3. Hubungan Hukum Antara Para Pihak;Paragraf 3;Kalimat 3;Penyelenggara dalam pelaksanaan perjanjian pinjam meminjam uang online ini sebagai Lembaga Jasa Keuangan Lainnya yang berbentuk badan hukum berupa perseroan terbatas atau koperasi.;-;;;
C. Pembahasan;3. Hubungan Hukum Antara Para Pihak;Paragraf 3;Kalimat 4;Badan hukum yang menjadi penyelenggara layanan pinjam meminjam uang berbasis Teknologi Informasi tersebut wajib mengajukan pendaftaran dan perizinan kepada OJK.;-;;;
C. Pembahasan;3. Hubungan Hukum Antara Para Pihak;Paragraf 3;Kalimat 5;Penerima pinjaman menurut Pasal 1 Angka 7 POJK Nomor 77/POJK.01/2016 adalah orang dan/atau badan hukum yang mempunyai utang karena perjanjian layanan pinjam-meminjam uang berbasis Teknologi Informasi.;-;;;
C. Pembahasan;3. Hubungan Hukum Antara Para Pihak;Paragraf 3;Kalimat 6;Penerima pinjaman dana yang kemudian dipertemukan oleh penyelenggara dengan pemberi pinjaman.;-;;;
C. Pembahasan;3. Hubungan Hukum Antara Para Pihak;Paragraf 3;Kalimat 7;Ketentuan penerima pinjaman menurut POJK Nomor 77/POJK.01/2016 adalah orang perseorangan Warga Negara Indonesia atau badan hukum Indonesia.;-;;;
C. Pembahasan;3. Hubungan Hukum Antara Para Pihak;Paragraf 3;Kalimat 8;Ketentuan mengenai syarat-syarat penerima pinjaman merupakan kebijakan masing-masing penyelenggara.;-;;;
C. Pembahasan;3. Hubungan Hukum Antara Para Pihak;Paragraf 3;Kalimat 9;Pemberi pinjaman menurut Pasal 1 Angka 8 POJK Nomor 77/POJK.01/2016 adalah orang, badan hukum dan/atau badan usaha yang mempunyai piutang karena perjanjian layanan pinjam-meminjam berbasis Teknologi Informasi.;-;;;
C. Pembahasan;3. Hubungan Hukum Antara Para Pihak;Paragraf 3;Kalimat 10;Penerima pinjaman merupakan pihak yang memberikan pinjaman atau pendanaan kepada penerima pinjaman yang membutuhkan dana yang kemudian dipertemukan oleh penyelenggara.;-;;;
C. Pembahasan;3. Hubungan Hukum Antara Para Pihak;Paragraf 3;Kalimat 11;Ketentutan pemberi pinjaman menurut POJK Nomor 77/POJK.01/2016 adalah orang perseorangan Warga Negara Indonesia, orang perseorangan Warga Negara Asing, badan hukum Indonesia atau asing, badan usah Indonesia atau asing dan/atau lembaga Internasional.;-;;;
C. Pembahasan;3. Hubungan Hukum Antara Para Pihak;Paragraf 3;Kalimat 12;Ketentuan mengenai syarat-syrata pemberi pinjaman merupakan kebijakan masing-masing penyelenggara.;-;;;
C. Pembahasan;3. Hubungan Hukum Antara Para Pihak;Paragraf 4;Kalimat 1;Hubungan hukum antara penyelenggara dengan pemberi pinjaman, penyelenggara dengan penerima pinjaman dan hubungan hukum antara pemberi dan penerima pinjaman didasarkan atas perjanjian yang timbul setelah disepakatinya perjanjian (dalam bentuk online).;-;;;
C. Pembahasan;3. Hubungan Hukum Antara Para Pihak;Paragraf 4;Kalimat 2;Antara pihak penyelenggara dengan penerima pinjaman, terjadi suatu hubungan hukum dalam bentuk perjanjian.;-;;;
C. Pembahasan;3. Hubungan Hukum Antara Para Pihak;Paragraf 4;Kalimat 3;Namun, perjanjian antara penyelenggara dan penerima pinjaman berupa perjanjian pengguna layanan pinjam peminjamm uang berbasis Teknologi Informasi tersebut baru lahir ketika penerima pinjaman telah melakukan penerimaan terkait dengan segaral ketentuan pengguanaan yang ditetapkan oleh penyelenggara dan kemudian mengajikan permohonan peminjaman berdasarkan syarat-syarat yang telah ditentukan pula oleh penyelenggara.;-;;;
C. Pembahasan;3. Hubungan Hukum Antara Para Pihak;Paragraf 4;Kalimat 4;Hubungan antra penyelenggara dengan pemberi pinjaman terjadi ketika telah disetujuinya perjanjian antara penyelenggara dengan pemberian pinjaman.;-;;;
C. Pembahasan;3. Hubungan Hukum Antara Para Pihak;Paragraf 4;Kalimat 5;Perjanjian tersebut lahir karena pemberi pinjaman mengikatkan diri pada penyelenggara untuk memberikan pinjaman terhadap tawaran pinjaman dari penerima pinjaman yang diajukan melalui penyelenggara.;-;;;
C. Pembahasan;3. Hubungan Hukum Antara Para Pihak;Paragraf 4;Kalimat 6;Perjanjian penyelenggaraan ini dianggap sebagai permulaan dari perjanjian pinjam meminjam yang akan terjadi antara pemberi pinjaman dan penerima pinjaman karena perjanjian pinjam meminjam baru akan terjadi ketikan pemberi pinjaman setuju untuk memberikan pinjaman dana kepada calon penerima pinjaman.;-;;;
C. Pembahasan;3. Hubungan Hukum Antara Para Pihak;Paragraf 4;Kalimat 7;Namun, keikutsertaan penyelenggara dalam perjanjian yhak. Perjanjia yang akan terjadi antara pemberi pinjaman dan penerima pinjaman hanya sebagai perantara yang mempertemukan kedua belah pihak. Perjanjian penyelenggaraan tersebut diperkuat dengan adanya konfirmasi terhadap penyelenggara terkait dengan persetujuan untuk melakukan pendanaan terhadap tawaran yang diajukan.;-;;;
C. Pembahasan;3. Hubungan Hukum Antara Para Pihak;Paragraf 4;Kalimat 8;Konfirmasi tersebut ditandai dengan dikirimnya formulir pendanaan oleh pemberi pinjaman.;-;;;
C. Pembahasan;3. Hubungan Hukum Antara Para Pihak;Paragraf 4;Kalimat 9;Sedangkan hubunagn antara pemberi dan penerima pinjaman terjadi karena adanya perjanjian pinjam meminjam sebagaimana diatur di dalam Pasal 1754 KUH Perdata.;-;;;
C. Pembahasan;4. Perlindungan Hukum Konsumen dalam Pinjaman Online;Paragraf 1;Kalimat 1;Pada prinsipnya hukum diciptakan untuk memberikan perlindungan kepada masyarakat.;-;;;
C. Pembahasan;4. Perlindungan Hukum Konsumen dalam Pinjaman Online;Paragraf 1;Kalimat 2;Mururut Roscoe Pound ada 3 (tiga) kepentingan yang harus dilindungi oleh hukum yaitu public interest, individual interest, dan interest of personality.;-;;;
C. Pembahasan;4. Perlindungan Hukum Konsumen dalam Pinjaman Online;Paragraf 2;Kalimat 1;Menurut Sacipto Rahardjo, Perlindungan hukum adalah pemberian pengayoman terhadap hak asasi manusia (HAM) yang dirugikan orang lain dan perlindungan itu diberikan kepada masyarakat agar dapat menikmati semua hak-hak yang diberikan oleh hukum sedangkan menurut Phillipus M. Hadjon bahwa perlindungan hukum bagi rakyat sebagai tindakan pemerintah yang bersifat preventif dan resprensif.;-;;;
C. Pembahasan;4. Perlindungan Hukum Konsumen dalam Pinjaman Online;Paragraf 2;Kalimat 2;Perlindungan Hukum yang preventif mencegah terjadinya sengketa yang mengarahkan tindakan pemerintah bersikap hari-hati dalam pengambilan keputusan berdasarkan diskresi dan perlindungan yang resprensif bertujuan untuk mencegah terjadinya sengketa, termasuk penanganannya di lembaga peradilan.;-;;;
C. Pembahasan;4. Perlindungan Hukum Konsumen dalam Pinjaman Online;Paragraf 3;Kalimat 1;Dari uraian para ahli di atas memberikan pemahaman bahwa perlindungan hukum merupakan gmabaran dari bekerjanya fungsi hukum untuk mewujudkan tujuan hukum yaitu keadilan, kemanfaatan dan kepastian hukum.;-;;;
C. Pembahasan;4. Perlindungan Hukum Konsumen dalam Pinjaman Online;Paragraf 3;Kalimat 2;Perlindungan hukum adalah segala upaya yang diberikan kepada subyek hukum sesuai dengan aturan hukum baik itu yang bersifat preventif maupun dalam bentuk yang bersifat represif, baik yang secara tertulis maupun tidak tertulis dalam rangka menegakkan keadilan.;-;;;
C. Pembahasan;4. Perlindungan Hukum Konsumen dalam Pinjaman Online;Paragraf 4;Kalimat 1;Berbicara mengenai perlindungan konsumen secara khusus telah diatur di dalam Undang-Undang Nomor 8 Tahun 1999 tentang Perlindungan Konsumen (UUPK).;-;;;
C. Pembahasan;4. Perlindungan Hukum Konsumen dalam Pinjaman Online;Paragraf 4;Kalimat 2;Perlindungan konsumen sebagaimana diatur di dalam Undang-Undang No. 8 Tahun 1999 tentang Perlindungan Konsumen pada prinsipnya merupakan segala upaya yang menjamin adanya kepastian hukum untuk memberi perlindungan kepada konsumen.;-;;;
C. Pembahasan;4. Perlindungan Hukum Konsumen dalam Pinjaman Online;Paragraf 5;Kalimat 1;Dalam pinjaman online yang disebut sebagai konsumen adalah penerima pinjaman sedangkan pemberi pinjaman diasumsikan sebagai pelaku usaha namun dalam hubungan antara penyedia layanan dan pemberi pinjaman maka yang diasumsikan sebagai konsumen adalah pemberi pinjaman.;-;;;
C. Pembahasan;4. Perlindungan Hukum Konsumen dalam Pinjaman Online;Paragraf 5;Kalimat 2;Dengan demikian ada 2 (dua) yang disebut sebagai konsumen yaitu peneriam pinjaman dan pemberi pinjaman (tergantung dilihat hubungan antara para pihak).;-;;;
C. Pembahasan;4. Perlindungan Hukum Konsumen dalam Pinjaman Online;Paragraf 6;Kalimat 1;Dalam Undang-Undang Nomor 8 Tahun 1999 tentang Perlindungan Konsumen dijelaskan bahwa Konsumen adalah setiap orang pemakai barang dan/jasa yang tersedia dalam masyarakat, baik bagi kepentiangan sendiri, keluarga, orang lain maupun makhluk hidup lain dan tidak untuk diperdagangkan.;-;;;
C. Pembahasan;4. Perlindungan Hukum Konsumen dalam Pinjaman Online;Paragraf 6;Kalimat 2;Definisi lain dari Konsumen secara lebih luas adalah: ;-;;;
C. Pembahasan;4. Perlindungan Hukum Konsumen dalam Pinjaman Online;Paragraf 6;Kalimat 3;“any individual or company who is the ultimate buyer or user of personal or real property, products, services or activities, regardless of whether the seller, supplier, or producer is a public or private entity, acting alone or collectively.”;-;;;
C. Pembahasan;4. Perlindungan Hukum Konsumen dalam Pinjaman Online;Paragraf 7;Kalimat 1;Konsumen juga mencakup dalam konsumen jasa yang memiliki hubungan berbeda dengankonsumen barang, juga dalam implikasi pertanggungjawaban pelaku usaha.;-;;;
C. Pembahasan;4. Perlindungan Hukum Konsumen dalam Pinjaman Online;Paragraf 7;Kalimat 2;Berkaitan dengan hal ini dikatakan bahwa:;-;;;
C. Pembahasan;4. Perlindungan Hukum Konsumen dalam Pinjaman Online;Paragraf 7;Kalimat 3;"“Services provided for consumer consumption exist in variety of forms. Two broad categories can be identified, first, a services related the transfer of possession or ownership of goods of materials; second, a pure services. The provision of pure services include the professional services of a doctor, a lawyer, a surveyor, a financial advised.”";-;;;
C. Pembahasan;4. Perlindungan Hukum Konsumen dalam Pinjaman Online;Paragraf 8;Kalimat 1;Dengan demikan lingkup Konsumen dapat didefinisikan secara luas yang dapat mencakup di dalamnya konsumen barang dan jasa.;-;;;
C. Pembahasan;4. Perlindungan Hukum Konsumen dalam Pinjaman Online;Paragraf 8;Kalimat 2;Jasa terbagi atas dua, yaitu jasa yang berhubungan dengan pemindahan atau transfer barang dan jasa murni.;-;;;
C. Pembahasan;4. Perlindungan Hukum Konsumen dalam Pinjaman Online;Paragraf 8;Kalimat 3;Baik berupa jasa dari penyedia jasa transportasi, jasa perjalanan termasuk di dalamnya jasa profesi seperti jasa dokter, pengacara, atau akuntan.;-;;;
C. Pembahasan;4. Perlindungan Hukum Konsumen dalam Pinjaman Online;Paragraf 9;Kalimat 1;Yang dimaksud dalam peer to peer lending adalah pengguna dalam arti pemberi pinjaman dan penerima pinjaman dalam layanan peer to peer lending.;-;;;
C. Pembahasan;4. Perlindungan Hukum Konsumen dalam Pinjaman Online;Paragraf 9;Kalimat 2;Dalam Peraturan Otoritas Jasa Keuangan Nomor 77/POJK.01/2016 tentang Layanan Pinjam Meminjam Uang Berbasis Teknologi, pengguna peer to peer lending dijelaskan sebagai pemberi pinjaman dan penerima pinjaman, adalah:;-;;;
C. Pembahasan;4. Perlindungan Hukum Konsumen dalam Pinjaman Online;Paragraf 9;Kalimat 3;“Pemberi Pinjaman adalah orang dan/atau badan hukum yang mempunyai piutang karena perjanjian Layanan Pinjam Meminjam Uang Berbasis Teknologi Informasi” sementara “Peneriam Pinjaman adalah orang, badan hukum, dan/atau badan usaha yang mempunyai utang karena perjanjian Layanan Pinjam Meminjam Uang.;-;;;
C. Pembahasan;4. Perlindungan Hukum Konsumen dalam Pinjaman Online;Paragraf 10;Kalimat 1;Di lapangan banyaknya ditemukan kasus bahwa penerima pinjaman sering mendapatkan permasalahan seperti terornya konsumen karena belum dapat melunasi hutangnya sampai dengan data pribadi peminjam disalahgunakan oleh pemberi pinjaman.;-;;;
C. Pembahasan;4. Perlindungan Hukum Konsumen dalam Pinjaman Online;Paragraf 10;Kalimat 2;Oleh karena itu dalam tulisan ini akan lebih ditekankan perlindungan yang diberikan kepada penerima pinjaman sebagai konsumen.;-;;;
C. Pembahasan;4. Perlindungan Hukum Konsumen dalam Pinjaman Online;Paragraf 11;Kalimat 1;Dalam Hukum Perlindungan Konsumen, dikenal prinsip-prinsip yang muncul sebagai akibat hubungan hukum antara pelakuk usaha dengan konsumen, diantaranya adalah:;-;;;
C. Pembahasan;4. Perlindungan Hukum Konsumen dalam Pinjaman Online;Paragraf 11;Kalimat 2;"a. Caveat Emptor (Let The Buyer Beware)
Dalam Bagasa latin caveat Emptor berarti “let the buyer beware”. Hal ini merefleksikan adanya kedudukan yang seimbang antara konsumen dan pelaku usaha sehingga tidak perlu perlindungan.
Dalam pekembangannya, konsumen tidak mendapatkan informasi yang cukup memadai terhadap produk/brang atau jasa yang ditawarkan oleh penjual kepada konsumen. Hal tersebut daoat disebabkan oleh keterbatasan pengetahuan konsumen atau ketidakterbukaan pelaku usaha terhadap produk yang ditawarkannya. Dengan demikian, apabila konsumen mengalami kerugian, ia tidak dapat langsung menuntut pertanggungjawaban peodusen atas kerugian yang dialami konsumen karena dianggap kerugain disebabkan atas kelalaian konsumen (tidak berhati-hati dalam membeli).";-;;;
C. Pembahasan;4. Perlindungan Hukum Konsumen dalam Pinjaman Online;Paragraf 11;Kalimat 3;"b. The Due Care Theory
Dikenal juga dengan sebutan Duty of Core. Prinsip teori ini menyatakan bahwa pelaku usaha mempunyai kewajiban untuk berhati-hati dalam mendistribusikan produk barang dan jasanya kepada konsumen secara luas. Selama pelaku usaha sudah menjalankan prinsip kehati-hatian, maka pelaku usaha tidak dapat dipersalahkan atas kerugian yang diderita konsumen. Prinsip ini akan memunculkan konsekuensi apabila konsumen dirugikan, maka konsumen harus dapat membuktikan bahwa pelaku usaha tersebut telah melanggar prinsip kehati-hatian. Dengan demikian apabila konsumen tidak dapat membuktutikan, maka konsumen tidak dapat menuntut ganti rugi. Hukum pembuktian di Indonesia pada umumnya menganut pembagian beban pembuktian kepada penggugat, seperti dengan tegas dinyatakan dalam Pasal 1865 KUH Perdata yang berlaku yang secara tegas menyatakan bahwa barangsiapa mendalilkan mempunyaii suatu hak atau untuk meneguhkan haknya atau membantah hak orang lain, atau menunjuk pada suatu peristiwa, maka ia diwajibkan membuktikan adanya hak atau peristiwa tersebut.";-;;;
C. Pembahasan;4. Perlindungan Hukum Konsumen dalam Pinjaman Online;Paragraf 11;Kalimat 4;"c. The Privity of Contract
Pelaku Usaha mempunyai kewajiban untuk melindungi konsumen, jika diantara keduanya terdapat hubungan kontraktual. Sehingga konsumen dapat menggugat atas dasar wanprestasi.";-;;;
C. Pembahasan;4. Perlindungan Hukum Konsumen dalam Pinjaman Online;Paragraf 12;Kalimat 1;Selain itu di dalam UUPK juga diatur hak dan kewajiban konsumen yang digunakan sebagai dasar untuk memberikan perlindungan konsumen.;-;;;
C. Pembahasan;4. Perlindungan Hukum Konsumen dalam Pinjaman Online;Paragraf 13;Kalimat 1;Hak-hak konsumen sebagaimana diatur di dalam Pasal 4 UUPK adalah:;-;;;
C. Pembahasan;4. Perlindungan Hukum Konsumen dalam Pinjaman Online;Paragraf 13;Kalimat 2;"a) Hak atas kenyamanan, keamanan, dan keselamatan dalam mengonsumsi barang dan/atau jasa;";-;;;
C. Pembahasan;4. Perlindungan Hukum Konsumen dalam Pinjaman Online;Paragraf 13;Kalimat 3;"b) Hak untuk memilih baramng dan/atau jasa serta mendapat barang dan/atau jasa tersebut sesuai dengan nilai tukar dan kondisi serta jaminan yang dijanjikan;";-;;;
C. Pembahasan;4. Perlindungan Hukum Konsumen dalam Pinjaman Online;Paragraf 13;Kalimat 4;"c) Hak atas informasi yang benar, jelas, dan jujur mengenai kondisi dan jaminan barang dan/arau jasa;";-;;;
C. Pembahasan;4. Perlindungan Hukum Konsumen dalam Pinjaman Online;Paragraf 13;Kalimat 5;"d) Hak untuk didengan pendapat dan keluhannya atas barang dan/atau jasa yang digunakan;";-;;;
C. Pembahasan;4. Perlindungan Hukum Konsumen dalam Pinjaman Online;Paragraf 13;Kalimat 6;"e) Hak untuk mendapatkan advokasi, perlindungan, dan upaya penyelesaian sengketa perlindungan konsumen secara patut;";-;;;
C. Pembahasan;4. Perlindungan Hukum Konsumen dalam Pinjaman Online;Paragraf 13;Kalimat 7;"f) Hak untuk dapat pembinaan dan pendidikan konsumen;";-;;;
C. Pembahasan;4. Perlindungan Hukum Konsumen dalam Pinjaman Online;Paragraf 13;Kalimat 8;"g) Hak untuk diperlakukan atau dilayani secara benar dan jujur serta diskriminatif;";-;;;
C. Pembahasan;4. Perlindungan Hukum Konsumen dalam Pinjaman Online;Paragraf 13;Kalimat 9;"h) Hak untuk mendapatkan kompensasi, rugi dan/atau penggantian, apabila barang dan/atau jasa yang diterima tidak sebagaimana mestinya;";-;;;
C. Pembahasan;4. Perlindungan Hukum Konsumen dalam Pinjaman Online;Paragraf 13;Kalimat 10;i) Hak-hak yang diatur dalam ketentuan peraturan perundang-undangan lainnya.;-;;;
C. Pembahasan;4. Perlindungan Hukum Konsumen dalam Pinjaman Online;Paragraf 14;Kalimat 1;Selain hak konsumen, UUPK juga mengatur kewajiban konsumen yaitu:;-;;;
C. Pembahasan;4. Perlindungan Hukum Konsumen dalam Pinjaman Online;Paragraf 14;Kalimat 2;"a) membaca atau mengikuti petunjuk informasi dan prosedur pemakaian atau pemanfaatan barang dan/atau jasa, demi keamanan dan keselamatan;";-;;;
C. Pembahasan;4. Perlindungan Hukum Konsumen dalam Pinjaman Online;Paragraf 14;Kalimat 3;"b) beritikad baik dalam melakukan transaksi pembelian barang dan/atau jasa;";-;;;
C. Pembahasan;4. Perlindungan Hukum Konsumen dalam Pinjaman Online;Paragraf 14;Kalimat 4;"c) membayar sesuai dengan nilai tukar yang disepakati;";-;;;
C. Pembahasan;4. Perlindungan Hukum Konsumen dalam Pinjaman Online;Paragraf 14;Kalimat 5;d) mengikuti upaya penyelesaian hukum sengketa perlindungan konsumen secara patut.;-;;;
C. Pembahasan;4. Perlindungan Hukum Konsumen dalam Pinjaman Online;Paragraf 15;Kalimat 1;Perlindungan Konsumen selain diatur di dalam UUPK juga dituangkan dalam bentuk penyusunan Strategi Nasional Keuangan Inklusif yang ditetapkan melalui Peraturan Presiden Nomor 82 tahun 2016 dengan mengedepankan 5 (lima) pilar yaitu Pilar Edukasi Keuangan, Pilar Hak Properti Masyrakat, Pilar Fasilitas Intermediasi dan Saluran Distribusi Keuangan, Pilar Layanan Keuangan Sektor Pemerintah, dan Pilar Perlindungan Konsumen di mana perlindungan konsumen dimaksudkan untuk memberikan rasa aman kepada masyarakat dalam berinteraksi dengan Lembaga keuangan.;-;;;
C. Pembahasan;4. Perlindungan Hukum Konsumen dalam Pinjaman Online;Paragraf 16;Kalimat 1;Otoritas Jasa Keuangan (OJK) sebagai lembaga ynag bertanggung jawab di sektor jasa keauangan telah memberikan perlindungan kepada konsumen sebagaimane diatur di dalam Peraturan Jasa Keuangan Nomor 1/POJK.07/2013 tentang Perlindungan Konsumen Sektor Keuangan. Dalam peraturan tersebut telah diatur kewajiban pelaku usaha.;-;;;
C. Pembahasan;4. Perlindungan Hukum Konsumen dalam Pinjaman Online;Paragraf 16;Kalimat 2;Selain itu, OJK juga telah melakukan tindakan berupa tindakan pencegahan kerugian konsumen, pelayanan pengaduan sampai dengan pembelaan hukum terhadap konsumen di sektor jasa keuangan.;-;;;
C. Pembahasan;4. Perlindungan Hukum Konsumen dalam Pinjaman Online;Paragraf 16;Kalimat 3;Tindakan pencegahan kerugian konsumen dilaksanakan dengan memberikan informasi dan edukasi terkait dengan karakteristik sektor jasa keuangan.;-;;;
C. Pembahasan;4. Perlindungan Hukum Konsumen dalam Pinjaman Online;Paragraf 16;Kalimat 4;Selain itu, OJK dapat meminta lembaga jasa keuangan untuk menghentikan kegiatannya apabila berpotensi merugikan konsumen atau masyarakat.;-;;;
C. Pembahasan;4. Perlindungan Hukum Konsumen dalam Pinjaman Online;Paragraf 16;Kalimat 5;Pelayanan pengaduan konsumen dilaksanakan dengan menyiapkan perangkat pengaduan dan mekanisme pengaduan konsumen yang dirugikan oleh pelaku usaha di sektor jasa keuangan.;-;;;
C. Pembahasan;4. Perlindungan Hukum Konsumen dalam Pinjaman Online;Paragraf 16;Kalimat 6;Selanjutnya OJK juga dapat melakukan pembelaan hukum berupa memerintahkan tindakan tertentu kepada lembaga jasa keuangan untuk menyelesaikan pengaduan konsumen, serta dapat mengajukan gugatan kepada pelaku usaha atau pihak lain uyang merugikan konsumen.;-;;;
C. Pembahasan;5. Pentingnya Perlindungan Data Pribadi;Paragraf 1;Kalimat 1;Saat ini banyak dijumpai kerugian-kerugian yang dialami oleh konsumen dalam pinjaman online, terutama pinjaman online illegal, seperti kasus yang belum lama ini terjadi ditemukannya “meme” yang tersebar di whatsapp bertuliskan “Dengan ini saya menyatakan bahwa saya rela digilir seharga Rp 1.054.000 untuk melunasi hutang sat di aplikasi InCash. Dijamin puas yang minat segera hubungi.”;-;;;
C. Pembahasan;5. Pentingnya Perlindungan Data Pribadi;Paragraf 1;Kalimat 2;Kasus tersebut bisa diselesaikan secara pidana dengan dugaan penyebaran nama baikk. Namun ynag perlu dilihat dalam konteks perdata adalah bagaimana melindungi data pribadi nasabah agar tidak disebarluasken.;-;;;
C. Pembahasan;5. Pentingnya Perlindungan Data Pribadi;Paragraf 2;Kalimat 1;Dalam konteks penyebaran data pribadi juga ditemukan dalam pinjaman online RupiahPlus.;-;;;
C. Pembahasan;5. Pentingnya Perlindungan Data Pribadi;Paragraf 2;Kalimat 2;RupiahPlus merupakan platform kredit tanpa jaminan yang diluncurkan PT Digital Synergy Technology yang telah terdaftar dan diawasi oleh Otoritas Jasa Keuangan (OJK) sebagai salah satu penyelenggara layanan pinjam meminjam uang berbasis teknologi informasi.;-;;;
C. Pembahasan;5. Pentingnya Perlindungan Data Pribadi;Paragraf 2;Kalimat 3;Dalam kasus RupiahPlus, pihak RupiahPlus mengih pembayaran kredit dengan menyalahgunakan nomor kontak di ponsel si nasabah.;-;;;
C. Pembahasan;5. Pentingnya Perlindungan Data Pribadi;Paragraf 2;Kalimat 4;Padahal orang yang dihubungi dari daftar kontak itu banyak ynag tidak tahu menahu soal pinjaman tersebut.;-;;;
C. Pembahasan;5. Pentingnya Perlindungan Data Pribadi;Paragraf 2;Kalimat 5;Dengan demikian apa yang dilakukan RupiahPlus bukan hanya melanggar perlindungan konsumen, tetapi juga mengganggu privasi orang lain yang tidak terkait pinjaman tersebut.;-;;;
C. Pembahasan;5. Pentingnya Perlindungan Data Pribadi;Paragraf 3;Kalimat 1;Melihat banyaknya kasus penyalahgunaan data pribadi, sangat penting untuk memberikan perlindugan data pribadi.;-;;;
C. Pembahasan;5. Pentingnya Perlindungan Data Pribadi;Paragraf 3;Kalimat 2;Pentingnya memberikan perlindungan data pribadi mulai menguat seiring dengan meningkatnya jumlah pengguna telepon seluler dan internet.;-;;;
C. Pembahasan;5. Pentingnya Perlindungan Data Pribadi;Paragraf 3;Kalimat 3;Sejumlah kasus yang mencuat, terutama yang memiliki keterkaitan dengan kebocoran data pribadi seseorang dan bermuara kepada aksi penipuan atau tindak kriminal pornografi, menguatkan wacana pentingnya pembuatan aturan hukum untuk melindungi data pribadi.;-;;;
C. Pembahasan;5. Pentingnya Perlindungan Data Pribadi;Paragraf 3;Kalimat 4;Perlindungan data pribadi berhubungan dengan konsep privasi.;-;;;
C. Pembahasan;5. Pentingnya Perlindungan Data Pribadi;Paragraf 3;Kalimat 5;Konsep privasi sendiri adalah gagasan untuk menjaga integritas dan martabat pribadi.;-;;;
C. Pembahasan;5. Pentingnya Perlindungan Data Pribadi;Paragraf 3;Kalimat 6;Hak privasi juga merupakan kemampuan individu untuk menentukan siapa yang memegang informasi tentang mereka dan bagaimana informasi tersebut digunakan.;-;;;
C. Pembahasan;5. Pentingnya Perlindungan Data Pribadi;Paragraf 4;Kalimat 1;Konsep perlindugan data mengisyaratkan bahwa individu memiliki hak untuk menentukan apakah mereka akan membagi atau bertukar data peribadi mereka atau tidak.;-;;;
C. Pembahasan;5. Pentingnya Perlindungan Data Pribadi;Paragraf 4;Kalimat 2;Selain itu, individu juga memiliki hak untuk menentukan syarat-syarat pelaksanaan pemindahan data pribadi tersebut.;-;;;
C. Pembahasan;5. Pentingnya Perlindungan Data Pribadi;Paragraf 4;Kalimat 3;Lebih jauh, perlindungan privasi.;-;;;
C. Pembahasan;5. Pentingnya Perlindungan Data Pribadi;Paragraf 4;Kalimat 4;Hak privasi telah berkembang sehingga dapat digunakan untuk merumuskan hak untuk melindungi data pribadi.;-;;;
C. Pembahasan;5. Pentingnya Perlindungan Data Pribadi;Paragraf 5;Kalimat 1;Perlindungan data pribadi telah diatur di dalam UUD NRI Tahun 1945.;-;;;
C. Pembahasan;5. Pentingnya Perlindungan Data Pribadi;Paragraf 5;Kalimat 2;Dalam Pasal 28 G ayat (1) disebutkan bahwa “Setiap orang berhak atas perlindungan diri pribadi, data juga berhubungan dengan konsep hak keluarga, kehormatan, martabat, dan harta benda yang di bawah kekuasaannya, serta berhak atas rasa aman dan perlindungan dari ancaman ketakutan untuk berbuat atau tidak berbuat sesuatu yang merupakan hak asasi.”;-;;;
C. Pembahasan;5. Pentingnya Perlindungan Data Pribadi;Paragraf 6;Kalimat 1;Selain itu beberapa peraturan nasional secara umum telah mengatur untuk memberikan perlindungan data pribadi antara lain:;-;;;
C. Pembahasan;5. Pentingnya Perlindungan Data Pribadi;Paragraf 6;Kalimat 2;1) Undang-Undang Nomor 19 Tahun 2016 Tentang Perubahan Atas Undang-Undang Nomor 11 Tahun 2008 Tentang Informasi dan Transaksi Elektronik;-;;;
C. Pembahasan;5. Pentingnya Perlindungan Data Pribadi;Paragraf 6;Kalimat 3;2) Undang-Undang Nomor 11 Tahun 2008 Tentang Informasi dan Transaksi Elektronik;-;;;
C. Pembahasan;5. Pentingnya Perlindungan Data Pribadi;Paragraf 6;Kalimat 4;3) Undang-undang Nomor 43 Tahun 2009 Tentang Kearsipan;-;;;
C. Pembahasan;5. Pentingnya Perlindungan Data Pribadi;Paragraf 6;Kalimat 5;4) Undang-Undang Nomor 56 Tahun 1999 Tentang Rakyat Terlatih;-;;;
C. Pembahasan;5. Pentingnya Perlindungan Data Pribadi;Paragraf 6;Kalimat 6;5) Undang-Undang Nomor 24 Tahun 2013 Tentang Revisi Administrasi Kependudukan;-;;;
C. Pembahasan;5. Pentingnya Perlindungan Data Pribadi;Paragraf 6;Kalimat 7;6) Undang-Undang Nomor 36 Tahun 2009 Tentang Kesehatan;-;;;
C. Pembahasan;5. Pentingnya Perlindungan Data Pribadi;Paragraf 6;Kalimat 8;7) Undang-Undang Nomor 11 Tahun 2012 Tentang Sistem Peradilan Pidana Anak;-;;;
C. Pembahasan;5. Pentingnya Perlindungan Data Pribadi;Paragraf 6;Kalimat 9;8) Undang-Undang Nomor 3 Tahun 1997 Tentang Pengadilan Anak;-;;;
C. Pembahasan;5. Pentingnya Perlindungan Data Pribadi;Paragraf 6;Kalimat 10;9) Undang-Undang Nomor 10 Tahun 2011 Tentang Perubahan Atas Undang-Undang Nomor 32 Tahun 2007 Tentang Perdagangan Berjangka Komoditi;-;;;
C. Pembahasan;5. Pentingnya Perlindungan Data Pribadi;Paragraf 6;Kalimat 11;10) Undang-Undang Nomor 32 Tahun 2007 Tentang Perdagangan Berjangka Komoditi;-;;;
C. Pembahasan;5. Pentingnya Perlindungan Data Pribadi;Paragraf 6;Kalimat 12;11)  Undang-Undang Nomor 23 Tahun 2006 Tentang Administrasi Kependudukan;-;;;
C. Pembahasan;5. Pentingnya Perlindungan Data Pribadi;Paragraf 6;Kalimat 13;12) Peraturan Menteri Komunikasi dan Informasi Nomor 20 Tahun 2016 Tentang Perlindungan Data Pribadi Dalam Sistem Elektronik;-;;;
C. Pembahasan;5. Pentingnya Perlindungan Data Pribadi;Paragraf 6;Kalimat 14;13) Peraturan Pemerintah Nomor 82 Tahun 2012 Tentang Penyelenggaraan Sistem dan Transaksi Elektronik;-;;;
C. Pembahasan;5. Pentingnya Perlindungan Data Pribadi;Paragraf 6;Kalimat 15;14) Peraturan Menterai Komunikasi dan Informasi Nomor 11 Tahun 2016 Tentang Klasifikasi Permainan Interaktif Elektronik;-;;;
C. Pembahasan;5. Pentingnya Perlindungan Data Pribadi;Paragraf 6;Kalimat 16;15) Peraturan Menteri Komunikasi dan Informasi Nomor 4 Tahun 2016 Tentang Sistem Manajemen Pengaman Informasi;-;;;
C. Pembahasan;5. Pentingnya Perlindungan Data Pribadi;Paragraf 6;Kalimat 17;16) Peraturan Meteri Komunikasi dan Informasi Nomor 36 Tahun 2014 Tentang Tata Cara Pendaftaran Penyelenggara Sistem Elektronik;-;;;
C. Pembahasan;5. Pentingnya Perlindungan Data Pribadi;Paragraf 6;Kalimat 18;17) Peraturan Menteri Komunikasi dan Informasi Nomor 11 Tahun 2010 Tentang Penyelenggaraan Layanan Televisi Protokol Internet (Internet Protocol Television / IPTV);-;;;
C. Pembahasan;5. Pentingnya Perlindungan Data Pribadi;Paragraf 7;Kalimat 1;Otoritas Jasa Keuangan juga telah mengeluarkan Peraturan OJK Nomor 77/POJK.01/2016 tentang Layanan Pinjam Meminjam Uang Berbasis Teknologi Informasi.;-;;;
C. Pembahasan;5. Pentingnya Perlindungan Data Pribadi;Paragraf 7;Kalimat 2;Dalam Pasal 26 huruf a disebutkan bahwa menjaga kerahasiaan, keutuhan, dan ketersediaan data pribadi, data transaksi, dan data keuangan yang dikelolanya sejak data diperoleh hingga data tersebut dimusnahkan.;-;;;
C. Pembahasan;5. Pentingnya Perlindungan Data Pribadi;Paragraf 7;Kalimat 3;Selain itu Peraturan OJK Nomor 13 Tahun 2018 Tentang Inovasi Keuangan Digital di Sektor Keuangan, telah memasukkan poin terkait perlindungan dan kerahasiaan data.;-;;;
C. Pembahasan;5. Pentingnya Perlindungan Data Pribadi;Paragraf 7;Kalimat 4;Pasal 30 ayat (1) menyebutkan bahwa Penyelenggeara wajib menjaga kerahasiaan data pribadi, data transaksi, dan data keuangan yang dikelolanya sejak diperoleh hingga data tersebut dimusnahkan.;-;;;
C. Pembahasan;5. Pentingnya Perlindungan Data Pribadi;Paragraf 8;Kalimat 1;Banyaknya peraturan yang mengatur tentang perlindungan data pribadi menunjukkan pentingnya data pribadi untuk dilindungi.;-;;;
C. Pembahasan;5. Pentingnya Perlindungan Data Pribadi;Paragraf 8;Kalimat 2;Namun sayangnya peraturan tersebut masih tersebar di berbagai peraturan sehingga belum bisa memberikan perlindungan yang optimal dan efektif terhadap data pribadi sebagai bagian dari privasi.;-;;;
C. Pembahasan;5. Pentingnya Perlindungan Data Pribadi;Paragraf 8;Kalimat 3;Oleh karena itu perlu disusun suatu undang-undang yang secara khusus dapat memberikan perlindungan data pribadi.;-;;;
D. Penutup;;Paragraf 1;Kalimat 1;Pada prinsipnya Negara telah memberikan perlindungan kepada konsumen pinjaman online sebagaimana diatur sebagai hak-hak konsumen di dalam Undang-Undang Perlindungan Konsumen No. 8 Tahun 1999 tentang Perlindungan Konsumen dan Otoritas Jasa Keuangan juga telah memberikan perlindungan kepada konsumen berupa tindakan pencegahan kerugian konsumen, pelayanan pengaduan sampai dengan pembelaan hukum terhadap konsumen di sektor jasa keuangan.;Eksklusi;;;
D. Penutup;;Paragraf 1;Kalimat 2;Tindakan pencegahan kerugian konsumen dilaksanakan dengan memberikan informasi dan edukasi terkait dengan karakteristik sektor jasa keuangan.;Eksklusi;;;
D. Penutup;;Paragraf 1;Kalimat 3;Selain itu juga sudah ada Peraturan Menteri Nomor 20 Tahun 2016 tentang Perlindungan Data Pribadi namun belum cukup memberikan perlindungan kepada konsumen.;Eksklusi;;;
D. Penutup;;Paragraf 1;Kalimat 4;Oleh karenanya Pemerintah perlu segera memberikan perlindungan data peibadi nasabah agar tidak disalahgunakan.;Eksklusi;;;
D. Penutup;;Paragraf 2;Kalimat 1;Hubungan hukum dalam pinjaman online dapat dikategorikan menjadi dua yaitu hubungan hukum antara peminjam dengan penyedia dana dan hubungan hukum antara penyedia dana dengan provider (penyedia aplikasi).;Eksklusi;;;
D. Penutup;;Paragraf 2;Kalimat 2;Hubungan hukum para pihak pada dasarnya timbul setelah adanya perjanjian.;Eksklusi;;;
D. Penutup;;Paragraf 2;Kalimat 3;Selain itu, perlu dilakukan edukasi kepada masyarakat untuk selalu berhati-hati memilih penyefia dana.;Eksklusi;;;
